cpro,año,pob_18_34
2,2022,73008
2,2021,73598
2,2020,74323
2,2019,74874
2,2018,75885
2,2017,77726
2,2016,79910
2,2015,82729
2,2014,85732
2,2013,89282
2,2012,92651
2,2011,95226
3,2022,337887
3,2021,336852
3,2020,339678
3,2019,336775
3,2018,335644
3,2017,339349
3,2016,349951
3,2015,362974
3,2014,377606
3,2013,402969
3,2012,417860
3,2011,431435
4,2022,152044
4,2021,150639
4,2020,152240
4,2019,151398
4,2018,151188
4,2017,153949
4,2016,157907
4,2015,162125
4,2014,168134
4,2013,172905
4,2012,181048
4,2011,189667
33,2022,138298
33,2021,141044
33,2020,144276
33,2019,147218
33,2018,151686
33,2017,157294
33,2016,164643
33,2015,173068
33,2014,183513
33,2013,193751
33,2012,205417
33,2011,215481
5,2022,24650
5,2021,25028
5,2020,25084
5,2019,25354
5,2018,25861
5,2017,26757
5,2016,27753
5,2015,28905
5,2014,30182
5,2013,31294
5,2012,33160
5,2011,34521
6,2022,125904
6,2021,127941
6,2020,129666
6,2019,132053
6,2018,135251
6,2017,139183
6,2016,143524
6,2015,147374
6,2014,151993
6,2013,155917
6,2012,159206
6,2011,161870
7,2022,239891
7,2021,242647
7,2020,246774
7,2019,241215
7,2018,236295
7,2017,235441
7,2016,237432
7,2015,243068
7,2014,249936
7,2013,258899
7,2012,268955
7,2011,277301
8,2022,1102391
8,2021,1094327
8,2020,1103638
8,2019,1071144
8,2018,1050408
8,2017,1048433
8,2016,1054184
8,2015,1074711
8,2014,1111028
8,2013,1164651
8,2012,1219308
8,2011,1263539
9,2022,56011
9,2021,56606
9,2020,57117
9,2019,57327
9,2018,57914
9,2017,58951
9,2016,61321
9,2015,63942
9,2014,66752
9,2013,70973
9,2012,74793
9,2011,77676
10,2022,65958
10,2021,67097
10,2020,68141
10,2019,69817
10,2018,71597
10,2017,74259
10,2016,76929
10,2015,79573
10,2014,82043
10,2013,83634
10,2012,86847
10,2011,89206
11,2022,232221
11,2021,233148
11,2020,234897
11,2019,237614
11,2018,242126
11,2017,248778
11,2016,256518
11,2015,264654
11,2014,274110
11,2013,281889
11,2012,294452
11,2011,304274
39,2022,90920
39,2021,90893
39,2020,91258
39,2019,91995
39,2018,93225
39,2017,95749
39,2016,99774
39,2015,104825
39,2014,110434
39,2013,116861
39,2012,122982
39,2011,128383
12,2022,103951
12,2021,103115
12,2020,103150
12,2019,102504
12,2018,102778
12,2017,104603
12,2016,108904
12,2015,114004
12,2014,120619
12,2013,130577
12,2012,138012
12,2011,144266
13,2022,92291
13,2021,93625
13,2020,94553
13,2019,96000
13,2018,98670
13,2017,101455
13,2016,105356
13,2015,110205
13,2014,115145
13,2013,119733
13,2012,124306
13,2011,126993
14,2022,146016
14,2021,148181
14,2020,150503
14,2019,152966
14,2018,155936
14,2017,159418
14,2016,163547
14,2015,168591
14,2014,173745
14,2013,178861
14,2012,183463
14,2011,187649
15,2022,167758
15,2021,168610
15,2020,171076
15,2019,173120
15,2018,176097
15,2017,181575
15,2016,188957
15,2015,197872
15,2014,207959
15,2013,218878
15,2012,231173
15,2011,241767
16,2022,35859
16,2021,36012
16,2020,36062
16,2019,36154
16,2018,36596
16,2017,37268
16,2016,38644
16,2015,40210
16,2014,42440
16,2013,44879
16,2012,48144
16,2011,49416
17,2022,150142
17,2021,148297
17,2020,148134
17,2019,145040
17,2018,142520
17,2017,142365
17,2016,144923
17,2015,149488
17,2014,155685
17,2013,163663
17,2012,170528
17,2011,175961
18,2022,179762
18,2021,181116
18,2020,181222
18,2019,181958
18,2018,183567
18,2017,186876
18,2016,192003
18,2015,197404
18,2014,203507
18,2013,209501
18,2012,216644
18,2011,224190
19,2022,48855
19,2021,48247
19,2020,47607
19,2019,46762
19,2018,46462
19,2017,47016
19,2016,48378
19,2015,50660
19,2014,53812
19,2013,57524
19,2012,61131
19,2011,62808
21,2022,101498
21,2021,101273
21,2020,102028
21,2019,102727
21,2018,103663
21,2017,105938
21,2016,109105
21,2015,113094
21,2014,117020
21,2013,121389
21,2012,126578
21,2011,130907
22,2022,38649
22,2021,38627
22,2020,38422
22,2019,37679
22,2018,37520
22,2017,38184
22,2016,39281
22,2015,40849
22,2014,42465
22,2013,44323
22,2012,46308
22,2011,48262
23,2022,122955
23,2021,124691
23,2020,126223
23,2019,128807
23,2018,131775
23,2017,134804
23,2016,138578
23,2015,142811
23,2014,146970
23,2013,151600
23,2012,156014
23,2011,157102
24,2022,64596
24,2021,65870
24,2020,67532
24,2019,69600
24,2018,71980
24,2017,75126
24,2016,78817
24,2015,83023
24,2014,87089
24,2013,91438
24,2012,95818
24,2011,99920
25,2022,81168
25,2021,80614
25,2020,80567
25,2019,79536
25,2018,79086
25,2017,80100
25,2016,82697
25,2015,85620
25,2014,89065
25,2013,93687
25,2012,98306
25,2011,102386
27,2022,45745
27,2021,46662
27,2020,48023
27,2019,49304
27,2018,50819
27,2017,52603
27,2016,54843
27,2015,57393
27,2014,60418
27,2013,63324
27,2012,66032
27,2011,68475
28,2022,1302939
28,2021,1305731
28,2020,1316377
28,2019,1280669
28,2018,1260379
28,2017,1257673
28,2016,1277649
28,2015,1306190
28,2014,1362844
28,2013,1437722
28,2012,1501146
28,2011,1566232
29,2022,315975
29,2021,313554
29,2020,315201
29,2019,313725
29,2018,313373
29,2017,317789
29,2016,326588
29,2015,335687
29,2014,344855
29,2013,362492
29,2012,373359
29,2011,383261
30,2022,305340
30,2021,301237
30,2020,301340
30,2019,297857
30,2018,296562
30,2017,299967
30,2016,306503
30,2015,317095
30,2014,328483
30,2013,342236
30,2012,356696
30,2011,369518
32,2022,42593
32,2021,42986
32,2020,43818
32,2019,44721
32,2018,46016
32,2017,47625
32,2016,49732
32,2015,52036
32,2014,54899
32,2013,57713
32,2012,60373
32,2011,62970
34,2022,23888
34,2021,24425
34,2020,24993
34,2019,25620
34,2018,26281
34,2017,27131
34,2016,28206
34,2015,29288
34,2014,30578
34,2013,31934
34,2012,33436
34,2011,34550
35,2022,228972
35,2021,230364
35,2020,233706
35,2019,232045
35,2018,230719
35,2017,231389
35,2016,235085
35,2015,241107
35,2014,248676
35,2013,256625
35,2012,262815
35,2011,271533
36,2022,150646
36,2021,151698
36,2020,153269
36,2019,154622
36,2018,157509
36,2017,162025
36,2016,168490
36,2015,176270
36,2014,185397
36,2013,195156
36,2012,205078
36,2011,215466
26,2022,53812
26,2021,53805
26,2020,54082
26,2019,53731
26,2018,53924
26,2017,54803
26,2016,56338
26,2015,58428
26,2014,61466
26,2013,65460
26,2012,68775
26,2011,71595
37,2022,51496
37,2021,52054
37,2020,52350
37,2019,52970
37,2018,53688
37,2017,55138
37,2016,56950
37,2015,59371
37,2014,62300
37,2013,64926
37,2012,68855
37,2011,71534
38,2022,205439
38,2021,206140
38,2020,208723
38,2019,207217
38,2018,205438
38,2017,205286
38,2016,208728
38,2015,213495
38,2014,219945
38,2013,226318
38,2012,234458
38,2011,248742
40,2022,26183
40,2021,26231
40,2020,26282
40,2019,26282
40,2018,26585
40,2017,27120
40,2016,28082
40,2015,29174
40,2014,30516
40,2013,32080
40,2012,33700
40,2011,34739
41,2022,367273
41,2021,366990
41,2020,369523
41,2019,371502
41,2018,376138
41,2017,384809
41,2016,396303
41,2015,409846
41,2014,424691
41,2013,441906
41,2012,457051
41,2011,469246
42,2022,14533
42,2021,14641
42,2020,14656
42,2019,14592
42,2018,14612
42,2017,14739
42,2016,15311
42,2015,15906
42,2014,16615
42,2013,17229
42,2012,18098
42,2011,18712
43,2022,149198
43,2021,147184
43,2020,146910
43,2019,144364
43,2018,142895
43,2017,144321
43,2016,148424
43,2015,154511
43,2014,162792
43,2013,173070
43,2012,182468
43,2011,189861
44,2022,23220
44,2021,23348
44,2020,23301
44,2019,23248
44,2018,23408
44,2017,24020
44,2016,24903
44,2015,26040
44,2014,27059
44,2013,28173
44,2012,29270
44,2011,30044
45,2022,129964
45,2021,129916
45,2020,129400
45,2019,129128
45,2018,129315
45,2017,132451
45,2016,137641
45,2015,144545
45,2014,152396
45,2013,161335
45,2012,169636
45,2011,174665
46,2022,471600
46,2021,465241
46,2020,467198
46,2019,462159
46,2018,460093
46,2017,466032
46,2016,480266
46,2015,496327
46,2014,517446
46,2013,546345
46,2012,577544
46,2011,600705
47,2022,79423
47,2021,79630
47,2020,79902
47,2019,80530
47,2018,81628
47,2017,83909
47,2016,87275
47,2015,91419
47,2014,96402
47,2013,102262
47,2012,107802
47,2011,113437
49,2022,23830
49,2021,24249
49,2020,24632
49,2019,25427
49,2018,26265
49,2017,27564
49,2016,28893
49,2015,30374
49,2014,31742
49,2013,33393
49,2012,35398
49,2011,36781
50,2022,166987
50,2021,167563
50,2020,169452
50,2019,167543
50,2018,165573
50,2017,167164
50,2016,169928
50,2015,177418
50,2014,185012
50,2013,199251
50,2012,206809
50,2011,213161
51,2022,18732
51,2021,18660
51,2020,18842
51,2019,19152
51,2018,19421
51,2017,19525
51,2016,19717
51,2015,20248
51,2014,20992
51,2013,21326
51,2012,21762
51,2011,21568
52,2022,20091
52,2021,20077
52,2020,20299
52,2019,20280
52,2018,20287
52,2017,20526
52,2016,20898
52,2015,21206
52,2014,21270
52,2013,21611
52,2012,21053
52,2011,20598
